team,appearances,minutesPlayed,tackles,interceptions,ballRecovery,groundDuelsWon,keyPasses,bigChancesCreated,accurateLongBalls,successfulDribbles,rating
FC Barcelona,1,90,0,0,19,0,0,0,8,0,8.3
Inter,1,90,0,0,8,0,0,0,4,0,8.3
Juventus,3,210,0,1,24,1,0,0,9,1,7.93
Feyenoord,2,126,0,0,18,0,1,0,9,0,7.85
Girona FC,1,90,0,0,6,1,0,0,4,0,7.8
Sporting CP,2,180,0,0,19,0,0,0,9,0,7.75
Shakhtar Donetsk,8,720,0,0,79,4,1,0,73,1,7.68
Liverpool FC,6,570,0,0,48,0,0,0,34,0,7.63
Liverpool FC,4,360,0,0,25,0,0,0,16,0,7.5
Bologna,7,630,2,1,49,4,0,0,26,1,7.49
FK Crvena zvezda,3,270,1,0,24,1,0,0,26,0,7.43
Real Madrid,12,1110,0,0,84,1,0,0,25,0,7.43
Aston Villa,12,1080,1,1,100,4,0,0,55,0,7.42
Real Madrid,2,180,0,0,16,0,0,0,2,0,7.4
Inter,14,1290,0,0,103,2,0,0,87,1,7.39
Bayer 04 Leverkusen,4,360,0,0,30,0,0,0,23,0,7.3
Girona FC,7,630,0,0,47,1,0,0,30,0,7.3
Milan,10,861,0,1,76,5,0,0,46,1,7.26
Arsenal,13,1170,0,0,99,0,1,0,78,0,7.22
Stade Brestois,9,810,1,0,73,1,0,0,87,0,7.22
Bologna,1,90,0,0,8,0,0,0,7,0,7.2
Celtic,10,900,0,0,73,0,0,0,39,0,7.17
SK Sturm Graz,6,540,0,0,39,1,0,0,40,0,7.17
FC Barcelona,8,750,0,0,75,2,0,0,26,0,7.15
Club Brugge KV,12,1080,0,0,83,3,0,0,81,1,7.13
BSC Young Boys,4,360,0,0,33,1,1,0,20,0,7.13
Sporting CP,8,720,1,0,48,2,0,0,31,0,7.13
ŠK Slovan Bratislava,8,720,0,0,69,0,1,1,35,0,7.13
Lille,10,900,1,0,60,2,0,0,63,0,7.11
Borussia Dortmund,1,90,0,0,8,0,0,0,4,0,7.1
Paris Saint-Germain,2,180,0,0,11,0,0,0,8,0,7.1
Atlético Madrid,10,930,0,0,80,1,0,0,32,0,7.1
Paris Saint-Germain,15,1380,0,2,103,4,0,0,55,0,7.1
AC Sparta Praha,8,720,0,0,68,1,1,0,54,0,7.08
AS Monaco,8,720,0,0,76,2,0,0,22,0,7.06
GNK Dinamo Zagreb,3,270,0,1,17,1,0,0,20,0,7.03
FC Bayern München,1,90,0,0,5,0,0,0,6,0,7.0
Milan,1,39,0,0,2,0,0,0,3,0,7.0
RB Leipzig,2,180,0,0,18,2,0,0,6,2,7.0
PSV Eindhoven,11,1020,0,0,87,3,0,0,87,0,6.99
Feyenoord,11,954,0,0,94,5,0,0,61,0,6.99
Borussia Dortmund,13,1170,0,1,104,0,0,0,52,0,6.98
Manchester City,2,180,0,0,7,0,0,0,3,0,6.95
Benfica,12,1080,1,0,98,3,0,0,31,0,6.95
Juventus,8,719,0,0,58,0,1,0,44,0,6.94
SK Sturm Graz,2,180,0,0,18,1,0,0,11,0,6.9
Red Bull Salzburg,4,336,0,0,30,0,1,0,18,0,6.85
Manchester City,8,720,0,0,42,0,0,0,29,0,6.85
Atalanta,9,810,0,1,47,0,1,0,47,0,6.83
FC Bayern München,4,302,0,0,19,0,0,0,20,0,6.8
GNK Dinamo Zagreb,5,450,0,0,35,0,0,0,29,0,6.72
PSV Eindhoven,1,90,0,0,5,0,0,0,9,0,6.7
RB Leipzig,6,540,0,0,38,0,0,0,11,0,6.7
FC Bayern München,10,823,0,0,78,1,0,0,73,1,6.7
Bayer 04 Leverkusen,6,540,0,0,38,1,0,0,36,1,6.65
Atalanta,1,90,0,0,8,0,0,0,9,0,6.6
FC Barcelona,5,450,0,0,36,0,0,0,9,0,6.6
FC Bayern München,1,45,0,0,3,0,0,0,0,0,6.4
AS Monaco,2,180,1,0,10,2,0,0,5,0,6.4
BSC Young Boys,4,360,1,0,23,2,0,0,28,1,6.4
VfB Stuttgart,7,630,1,0,58,1,0,0,39,0,6.39
VfB Stuttgart,1,90,0,0,5,2,1,0,7,1,6.3
FK Crvena zvezda,3,270,0,0,13,0,0,0,16,0,6.27
Red Bull Salzburg,5,384,0,0,24,0,0,0,19,0,6.2
Arsenal,1,90,0,0,10,0,0,0,4,0,6.1
FK Crvena zvezda,2,180,0,0,15,0,0,0,12,0,5.95
Stade Brestois,1,90,0,0,11,0,0,0,8,0,5.8
Manchester City,7,531,18,7,29,35,10,5,6,11,7.75
Paris Saint-Germain,17,1541,37,16,110,79,36,6,24,20,7.55
Atlético Madrid,8,693,20,5,41,26,11,5,11,4,7.49
Borussia Dortmund,12,1080,28,12,67,44,6,1,94,4,7.41
Real Madrid,2,180,7,5,9,10,3,0,6,0,7.4
Paris Saint-Germain,16,1449,48,23,83,98,13,1,46,25,7.38
Lille,2,116,3,6,6,10,1,0,3,3,7.35
AS Monaco,6,508,12,9,33,21,2,1,16,0,7.33
Paris Saint-Germain,16,1440,29,6,67,35,8,1,55,3,7.32
Manchester City,6,364,5,1,21,5,6,2,12,0,7.32
Liverpool FC,9,840,6,7,29,8,2,0,48,1,7.31
Juventus,2,96,4,1,8,4,0,0,5,0,7.3
FC Bayern München,9,701,18,7,42,40,12,0,6,11,7.28
Benfica,12,1080,29,23,41,40,1,1,57,0,7.25
Atalanta,4,266,5,3,15,8,3,0,9,3,7.23
Liverpool FC,6,443,5,12,17,9,10,2,11,2,7.22
Arsenal,9,804,5,6,22,10,0,0,11,1,7.21
Inter,9,688,3,7,34,6,0,0,20,0,7.21
Liverpool FC,7,649,4,9,30,9,1,0,14,0,7.2
FC Bayern München,11,990,21,13,56,28,6,2,35,5,7.2
Milan,7,541,15,8,27,22,1,0,9,1,7.2
PSV Eindhoven,11,858,22,20,40,28,2,0,43,2,7.19
FC Barcelona,11,958,11,4,38,18,3,1,39,0,7.19
Celtic,10,838,28,14,34,46,2,1,13,3,7.19
PSV Eindhoven,11,912,16,19,44,23,7,1,80,1,7.18
Bayer 04 Leverkusen,5,360,7,7,15,10,2,1,5,1,7.18
Stade Brestois,2,180,4,3,6,8,0,0,8,0,7.15
Inter,12,910,11,14,21,14,3,1,18,0,7.13
FC Bayern München,11,785,18,8,42,31,15,2,7,8,7.13
Milan,5,343,5,2,10,6,1,1,16,0,7.12
Benfica,7,500,15,12,21,23,4,1,6,3,7.11
Bologna,7,530,16,8,33,19,0,0,32,1,7.11
Atalanta,8,618,30,8,40,44,9,0,20,8,7.11
Lille,10,900,11,9,54,31,5,0,35,7,7.11
Borussia Dortmund,12,747,23,16,42,34,9,1,9,6,7.1
Shakhtar Donetsk,2,162,5,1,7,10,2,1,3,2,7.1
SK Sturm Graz,5,450,10,7,18,15,6,2,8,1,7.08
Stade Brestois,4,256,8,5,12,12,0,0,9,1,7.08
Liverpool FC,8,551,6,5,32,10,9,3,10,4,7.08
Manchester City,8,646,5,3,35,9,4,1,13,2,7.08
Girona FC,6,540,10,4,27,27,8,0,12,8,7.07
VfB Stuttgart,8,705,31,5,41,48,9,3,10,6,7.06
Manchester City,10,814,15,10,50,23,7,2,8,4,7.06
Sporting CP,7,488,11,2,20,19,0,0,30,4,7.06
Bayer 04 Leverkusen,9,774,19,9,33,26,4,0,16,2,7.06
Juventus,9,801,7,17,39,21,2,0,16,7,7.06
Bayer 04 Leverkusen,9,669,7,5,26,12,3,0,31,2,7.06
Paris Saint-Germain,17,1542,27,20,80,34,2,1,29,3,7.05
Arsenal,8,430,13,8,21,19,4,2,2,2,7.05
GNK Dinamo Zagreb,6,540,21,4,14,26,0,0,16,0,7.05
FC Bayern München,13,1074,21,21,52,25,3,1,25,2,7.04
AS Monaco,9,781,23,15,50,41,8,2,22,10,7.03
Borussia Dortmund,12,940,28,16,54,48,1,0,32,9,7.03
Bologna,4,236,14,5,11,20,2,0,8,2,7.03
Manchester City,4,286,1,1,8,1,1,0,3,0,7.03
FC Bayern München,6,301,4,1,16,5,0,0,13,0,7.02
Benfica,10,900,20,20,62,42,13,3,25,16,7.02
Sporting CP,5,221,19,11,14,22,0,0,6,0,7.02
Aston Villa,11,990,11,10,48,31,2,0,15,2,7.02
FC Barcelona,13,1106,14,7,49,28,10,2,18,6,7.02
Atlético Madrid,8,750,15,6,29,19,1,0,21,0,7.01
Stade Brestois,8,720,13,8,46,26,14,1,43,7,7.01
Atalanta,9,678,9,6,32,11,2,0,11,1,7.01
Club Brugge KV,12,1079,26,13,52,38,17,1,38,4,7.01
Atalanta,9,639,13,9,31,22,3,0,5,5,7.0
Girona FC,5,389,5,3,8,5,1,1,15,0,7.0
Milan,1,27,4,0,3,4,1,0,2,0,7.0
Bologna,8,647,7,6,33,13,5,1,33,0,6.99
VfB Stuttgart,7,622,14,11,32,20,7,1,16,3,6.99
Arsenal,13,852,24,13,43,51,9,3,4,16,6.98
Bologna,5,371,7,1,14,15,7,2,14,2,6.98
Manchester City,9,639,11,4,38,21,15,3,7,1,6.98
Inter,14,1077,26,9,37,50,5,0,35,7,6.97
Bayer 04 Leverkusen,10,900,6,10,28,10,2,0,30,1,6.97
FC Bayern München,6,422,11,4,23,16,5,1,16,4,6.97
Club Brugge KV,12,1080,21,22,30,25,2,0,36,2,6.97
FC Bayern München,3,102,3,0,4,5,1,0,0,0,6.97
Celtic,6,370,8,5,12,9,0,0,4,1,6.96
Inter,9,770,6,13,22,8,3,2,15,0,6.96
Aston Villa,6,485,5,4,21,7,3,0,21,1,6.95
Lille,9,623,15,10,41,26,3,1,21,10,6.94
Stade Brestois,9,810,22,10,30,32,2,0,39,0,6.94
PSV Eindhoven,10,829,22,6,56,36,7,1,15,10,6.94
Celtic,7,609,11,7,34,12,1,0,11,0,6.93
Arsenal,11,990,17,10,45,25,0,0,21,2,6.93
Aston Villa,9,678,10,4,28,14,2,1,15,2,6.92
Arsenal,10,566,6,3,22,33,4,2,1,9,6.92
Aston Villa,10,384,15,5,21,24,4,0,2,6,6.92
Arsenal,6,193,0,1,9,0,3,2,3,0,6.92
Girona FC,6,435,8,6,15,20,3,1,8,3,6.92
Red Bull Salzburg,7,630,14,5,32,39,8,1,15,18,6.91
VfB Stuttgart,8,646,9,10,29,16,2,0,19,0,6.91
Juventus,8,646,8,7,32,12,0,0,20,3,6.91
FC Bayern München,9,527,5,5,25,8,11,1,4,3,6.91
GNK Dinamo Zagreb,3,225,11,2,4,14,1,0,2,2,6.9
Bayer 04 Leverkusen,10,796,6,5,18,25,17,3,6,6,6.9
Paris Saint-Germain,1,18,1,1,1,1,0,0,0,0,6.9
Juventus,2,102,0,1,3,1,0,0,11,1,6.9
Atlético Madrid,2,112,5,1,3,5,1,0,3,0,6.9
Bayer 04 Leverkusen,2,128,3,2,8,4,0,0,5,0,6.9
Celtic,3,66,4,2,6,6,1,0,2,1,6.9
Milan,6,411,3,6,13,5,0,0,20,0,6.9
Real Madrid,4,282,3,5,13,6,2,0,20,1,6.9
Juventus,2,210,2,0,8,5,0,0,5,0,6.9
Feyenoord,3,244,16,1,7,23,1,0,3,3,6.9
Shakhtar Donetsk,3,210,12,3,11,23,0,0,6,5,6.9
AS Monaco,10,855,21,18,33,22,2,0,31,1,6.89
Celtic,10,818,22,9,26,27,1,0,9,0,6.89
FC Barcelona,8,446,9,8,30,16,8,3,8,1,6.89
Girona FC,7,630,8,5,23,14,0,0,26,2,6.89
Real Madrid,13,1188,13,5,43,15,3,0,52,0,6.88
Feyenoord,12,1080,12,16,29,17,5,0,28,4,6.88
Liverpool FC,4,124,2,2,9,2,1,0,1,0,6.88
Milan,4,282,5,3,12,7,3,0,13,2,6.88
Borussia Dortmund,5,282,4,2,14,4,1,0,6,0,6.88
Bayer 04 Leverkusen,7,277,9,6,17,10,5,1,5,0,6.87
Atalanta,6,300,4,3,19,6,9,0,7,0,6.87
RB Leipzig,8,720,17,10,25,23,0,0,19,1,6.86
Milan,10,861,14,7,42,28,12,1,14,5,6.86
VfB Stuttgart,7,545,14,6,35,28,4,1,6,4,6.86
Sporting CP,8,568,11,7,32,17,5,1,26,2,6.85
Red Bull Salzburg,4,152,8,7,6,11,0,0,2,0,6.85
Atlético Madrid,6,452,11,9,18,30,6,0,4,11,6.85
AC Sparta Praha,7,562,4,11,20,6,2,0,21,1,6.84
FC Barcelona,8,520,12,2,16,13,0,0,6,1,6.84
Atalanta,8,710,10,10,54,20,3,1,13,1,6.84
Aston Villa,8,515,14,5,23,25,5,0,3,5,6.84
SK Sturm Graz,3,188,4,4,6,7,1,0,0,2,6.83
Liverpool FC,4,229,1,4,15,2,0,0,7,0,6.83
Aston Villa,9,748,12,6,31,20,9,1,7,3,6.83
Liverpool FC,8,581,14,8,29,19,5,1,25,4,6.83
Lille,4,228,6,3,8,10,3,1,1,1,6.83
Milan,5,314,10,4,15,14,5,1,2,1,6.83
Inter,13,705,7,12,14,18,1,0,6,4,6.82
Feyenoord,9,551,9,11,31,24,6,1,5,10,6.82
FC Barcelona,10,804,8,5,33,36,4,1,6,21,6.82
Celtic,5,209,8,2,6,14,5,0,3,0,6.82
Lille,10,855,8,10,33,18,1,0,27,1,6.82
Milan,7,564,10,6,26,15,2,0,8,1,6.81
Feyenoord,9,658,13,11,26,16,2,1,29,2,6.81
Arsenal,10,774,15,3,17,18,2,1,17,2,6.81
Benfica,11,927,38,12,42,44,3,0,34,3,6.81
ŠK Slovan Bratislava,5,450,7,10,29,20,1,0,9,5,6.8
RB Leipzig,4,266,7,2,11,11,7,2,4,2,6.8
Club Brugge KV,1,32,1,2,2,3,0,0,1,1,6.8
PSV Eindhoven,1,19,1,1,1,1,0,0,1,0,6.8
BSC Young Boys,6,497,9,8,23,14,1,1,18,3,6.8
Atlético Madrid,7,630,6,5,22,10,1,0,29,1,6.8
Stade Brestois,8,620,6,13,23,25,5,0,15,4,6.8
Aston Villa,4,312,3,2,9,4,1,0,2,1,6.8
Benfica,3,155,10,1,9,13,4,0,1,3,6.8
Manchester City,1,90,1,1,6,2,1,0,0,1,6.8
Sporting CP,8,440,8,3,11,10,2,0,10,0,6.8
FC Barcelona,2,48,3,1,4,4,0,0,0,1,6.8
Lille,8,428,9,2,21,13,5,1,3,2,6.79
Borussia Dortmund,10,590,14,8,30,27,2,2,14,7,6.79
GNK Dinamo Zagreb,6,465,9,5,18,13,1,0,19,0,6.78
Liverpool FC,5,281,10,1,11,17,2,1,2,0,6.78
Club Brugge KV,10,767,22,10,27,27,2,0,13,2,6.78
FK Crvena zvezda,5,371,14,5,25,20,1,0,5,4,6.78
Bologna,5,303,11,3,8,13,0,0,9,1,6.78
Inter,13,660,9,4,28,17,4,1,2,5,6.78
Bologna,4,218,3,2,10,6,0,0,6,1,6.78
Juventus,4,231,10,2,8,12,0,0,8,0,6.78
Feyenoord,11,723,9,5,28,13,10,1,17,3,6.76
RB Leipzig,5,378,5,2,21,12,1,0,10,1,6.76
Club Brugge KV,12,1048,7,12,29,13,0,0,21,2,6.76
Manchester City,7,450,5,6,10,5,1,0,9,0,6.76
SK Sturm Graz,7,627,23,6,26,32,2,1,17,5,6.76
Benfica,9,730,5,7,29,6,0,0,25,0,6.76
Sporting CP,10,625,17,6,38,43,7,0,5,7,6.75
RB Leipzig,4,268,1,1,15,3,1,0,9,1,6.75
Arsenal,5,119,2,0,5,4,3,0,0,0,6.75
Shakhtar Donetsk,6,447,8,16,16,17,0,0,15,6,6.75
Real Madrid,10,757,12,3,34,22,1,0,9,2,6.74
AC Sparta Praha,5,302,6,3,13,10,3,0,8,2,6.74
FK Crvena zvezda,8,720,10,11,28,16,2,1,14,3,6.74
Stade Brestois,8,642,9,10,24,16,1,0,27,2,6.74
Lille,9,489,7,6,24,24,3,2,7,9,6.73
Sporting CP,3,239,5,3,12,7,1,0,1,1,6.73
Paris Saint-Germain,4,140,2,2,8,2,0,0,3,0,6.73
Arsenal,9,345,4,3,13,6,3,0,6,0,6.73
Real Madrid,9,262,8,7,13,10,3,1,2,2,6.73
Shakhtar Donetsk,8,720,5,13,28,5,1,0,18,0,6.73
Atlético Madrid,5,232,2,1,9,4,0,0,5,0,6.73
AS Monaco,6,477,8,10,22,12,1,0,22,0,6.72
GNK Dinamo Zagreb,8,650,12,9,28,21,7,2,5,1,6.7
GNK Dinamo Zagreb,8,535,20,5,18,30,8,0,3,10,6.7
FC Barcelona,1,10,0,0,2,0,0,0,0,0,6.7
Girona FC,1,90,2,0,2,4,0,0,1,0,6.7
ŠK Slovan Bratislava,1,12,1,0,1,1,0,0,0,0,6.7
Feyenoord,2,15,0,1,0,0,0,0,0,0,6.7
Shakhtar Donetsk,2,20,0,0,2,0,0,0,0,0,6.7
Real Madrid,5,176,2,1,3,3,1,0,2,0,6.7
PSV Eindhoven,6,417,15,12,15,18,2,0,7,1,6.7
ŠK Slovan Bratislava,8,709,14,15,24,19,0,0,15,1,6.7
Milan,7,321,6,7,8,10,3,0,2,0,6.7
Aston Villa,3,126,5,3,11,6,2,0,0,1,6.7
Real Madrid,11,888,8,3,27,16,5,0,12,3,6.69
RB Leipzig,6,475,10,12,23,17,3,0,14,4,6.68
Shakhtar Donetsk,8,720,8,6,22,14,1,0,31,3,6.68
BSC Young Boys,7,524,10,10,26,16,0,0,20,3,6.67
BSC Young Boys,3,270,4,6,6,7,1,0,7,1,6.67
VfB Stuttgart,4,55,1,0,4,1,3,0,3,0,6.67
Atlético Madrid,6,366,13,7,14,19,1,0,3,0,6.67
SK Sturm Graz,6,540,12,9,19,19,0,0,10,0,6.67
Celtic,8,576,14,8,21,20,2,2,8,1,6.66
ŠK Slovan Bratislava,5,283,4,7,12,9,1,0,1,2,6.66
FK Crvena zvezda,8,701,7,9,30,22,7,1,15,6,6.65
Milan,2,60,2,0,4,2,1,0,1,0,6.65
Feyenoord,12,825,11,6,29,12,3,0,29,1,6.64
RB Leipzig,3,50,2,0,2,2,0,0,1,0,6.63
SK Sturm Graz,6,449,7,3,26,11,0,0,9,3,6.63
PSV Eindhoven,6,268,5,5,12,5,0,0,13,0,6.63
Shakhtar Donetsk,7,465,6,4,18,8,6,1,4,1,6.63
Girona FC,4,324,9,6,9,12,5,0,5,0,6.63
Red Bull Salzburg,4,283,7,3,9,7,0,0,6,0,6.63
SK Sturm Graz,4,280,5,7,11,8,1,0,4,0,6.63
Girona FC,5,371,7,5,27,12,0,0,9,2,6.62
Feyenoord,5,353,11,8,17,13,2,0,5,1,6.62
Paris Saint-Germain,5,119,2,1,3,2,0,0,4,0,6.62
Feyenoord,5,281,4,2,15,13,2,0,1,6,6.62
Sporting CP,9,752,9,8,30,19,0,0,8,4,6.61
Atlético Madrid,8,426,9,6,22,11,2,0,7,1,6.6
FC Barcelona,1,10,1,0,0,1,0,0,0,0,6.6
Atalanta,1,34,1,1,2,1,0,0,0,0,6.6
Stade Brestois,1,84,1,0,1,5,0,0,1,0,6.6
ŠK Slovan Bratislava,1,11,0,0,0,0,1,0,0,0,6.6
Juventus,2,158,4,2,7,8,0,0,9,2,6.6
Bayer 04 Leverkusen,2,11,0,0,0,0,0,0,0,0,6.6
AC Sparta Praha,8,720,12,4,16,14,0,0,11,1,6.6
Juventus,7,427,7,3,12,10,0,0,4,1,6.6
AS Monaco,8,487,9,8,19,10,7,1,8,0,6.6
ŠK Slovan Bratislava,3,256,1,3,7,2,1,0,9,1,6.6
BSC Young Boys,8,498,13,13,14,18,2,0,13,1,6.6
Red Bull Salzburg,7,617,17,11,31,23,1,0,31,4,6.6
Atalanta,4,211,3,1,10,3,0,0,4,0,6.6
BSC Young Boys,1,28,0,0,0,0,0,0,1,0,6.6
FC Barcelona,13,981,6,11,36,13,4,1,42,2,6.59
PSV Eindhoven,7,334,6,4,14,6,4,0,13,0,6.59
RB Leipzig,8,614,6,7,34,12,6,2,10,0,6.58
VfB Stuttgart,5,156,4,2,6,4,0,0,4,0,6.58
PSV Eindhoven,5,148,4,2,11,6,1,0,5,1,6.58
GNK Dinamo Zagreb,7,630,9,12,21,10,1,0,14,0,6.57
ŠK Slovan Bratislava,8,714,18,12,23,27,1,0,8,2,6.56
FC Bayern München,2,33,0,0,0,1,0,0,1,0,6.55
FC Barcelona,2,33,1,1,3,1,0,0,1,0,6.55
Atalanta,2,22,0,0,1,0,0,0,0,0,6.55
SK Sturm Graz,5,348,3,0,8,4,1,0,9,1,6.54
Red Bull Salzburg,8,513,14,7,28,23,2,0,10,1,6.54
AS Monaco,3,60,2,1,3,4,0,0,0,1,6.53
PSV Eindhoven,3,222,6,6,8,9,4,1,3,0,6.53
Sporting CP,4,169,4,1,9,4,1,0,4,0,6.53
Club Brugge KV,4,81,3,3,4,3,0,0,1,0,6.53
VfB Stuttgart,5,131,2,2,9,3,3,0,1,1,6.53
Girona FC,5,415,11,6,12,19,5,0,3,2,6.52
Red Bull Salzburg,6,477,12,2,19,15,2,0,26,0,6.52
Manchester City,1,9,0,0,0,0,0,0,0,0,6.5
Inter,1,10,0,0,0,0,0,0,0,0,6.5
AC Sparta Praha,1,90,1,1,1,1,1,0,0,0,6.5
AC Sparta Praha,1,11,2,0,1,2,0,0,0,0,6.5
Club Brugge KV,2,16,0,0,1,0,0,0,0,0,6.5
FK Crvena zvezda,2,179,2,2,4,2,0,0,5,0,6.5
Red Bull Salzburg,6,401,8,5,19,13,2,0,8,3,6.48
Lille,5,320,7,2,7,9,1,0,5,0,6.46
Aston Villa,2,29,1,0,1,1,0,0,0,0,6.45
Sporting CP,6,289,5,4,15,6,1,0,7,0,6.45
AS Monaco,2,20,0,0,2,2,0,0,0,2,6.45
FK Crvena zvezda,7,630,11,16,23,21,1,0,14,0,6.43
ŠK Slovan Bratislava,8,719,20,11,32,36,1,0,7,7,6.43
Bologna,1,45,2,1,3,3,0,0,1,0,6.4
Red Bull Salzburg,1,45,2,0,4,4,0,0,2,2,6.4
BSC Young Boys,1,20,0,0,0,0,0,0,0,0,6.4
PSV Eindhoven,1,16,0,0,0,0,0,0,1,0,6.4
VfB Stuttgart,3,94,0,1,7,0,0,0,3,0,6.4
BSC Young Boys,5,326,1,6,21,2,1,0,13,0,6.4
Real Madrid,1,12,0,0,1,0,0,0,0,0,6.4
BSC Young Boys,7,446,9,1,11,16,2,1,7,3,6.4
Feyenoord,7,186,10,1,7,12,0,0,4,0,6.4
GNK Dinamo Zagreb,3,270,1,7,8,3,0,0,7,0,6.37
Manchester City,2,111,1,2,6,2,1,0,2,0,6.35
FC Barcelona,9,274,7,5,11,13,1,0,6,3,6.33
AC Sparta Praha,4,360,1,1,11,1,1,0,6,0,6.33
ŠK Slovan Bratislava,4,191,3,0,7,5,1,0,3,1,6.3
VfB Stuttgart,1,8,0,0,0,0,0,0,0,0,6.3
BSC Young Boys,6,481,9,11,36,28,5,0,11,12,6.23
Shakhtar Donetsk,2,135,5,6,5,8,0,0,4,1,6.15
Red Bull Salzburg,3,90,3,2,5,3,0,0,0,0,6.15
Juventus,1,9,0,0,0,0,0,0,0,0,6.1
AC Sparta Praha,2,158,1,4,10,2,0,0,2,1,6.1
AS Monaco,6,302,5,6,10,10,0,0,8,5,6.07
Lille,1,45,2,0,0,2,0,0,1,0,6.0
Club Brugge KV,6,239,10,7,17,13,1,0,6,1,5.9
AC Sparta Praha,1,90,2,0,1,2,0,0,1,0,5.9
FK Crvena zvezda,3,90,3,1,4,4,0,0,1,0,5.9
Stade Brestois,1,90,2,2,3,3,2,0,3,1,5.6
Liverpool FC,1,4,0,0,0,0,0,0,0,0,5.3
Celtic,1,11,0,0,0,0,0,0,1,0,4.6
FC Bayern München,1,1,0,0,0,0,0,0,0,0,0.0
GNK Dinamo Zagreb,1,1,0,0,0,0,0,0,0,0,0.0
SK Sturm Graz,1,1,0,0,0,0,0,0,0,0,0.0
FC Barcelona,14,1225,18,8,33,46,39,13,25,15,8.24
PSV Eindhoven,6,534,21,9,40,43,21,1,9,9,8.18
Bayer 04 Leverkusen,9,764,6,4,32,32,25,4,5,18,7.84
FC Bayern München,14,1260,16,12,78,30,37,11,72,4,7.84
Red Bull Salzburg,1,90,2,0,2,3,2,1,6,0,7.7
FC Barcelona,13,1101,15,4,45,95,16,5,12,56,7.69
PSV Eindhoven,4,333,9,7,14,18,6,1,8,4,7.68
Bayer 04 Leverkusen,10,870,18,3,43,35,22,3,5,10,7.67
FC Bayern München,14,1033,10,5,46,57,22,10,14,25,7.62
Milan,1,75,2,0,6,5,2,1,1,1,7.6
Manchester City,1,90,3,0,9,4,1,0,7,0,7.6
Manchester City,9,689,4,1,23,22,19,2,7,11,7.59
Atalanta,8,288,4,1,13,26,23,1,13,18,7.57
FC Bayern München,12,866,21,6,40,69,28,8,4,23,7.57
Liverpool FC,8,674,19,8,34,29,16,5,12,4,7.54
Paris Saint-Germain,17,1448,17,21,86,52,25,6,86,22,7.5
Liverpool FC,1,38,1,0,3,2,0,0,1,1,7.5
Sporting CP,2,163,3,1,12,6,3,0,6,1,7.45
Liverpool FC,9,808,5,2,26,17,15,5,11,7,7.43
FC Barcelona,14,1117,37,9,80,73,25,3,51,17,7.43
VfB Stuttgart,8,695,12,7,44,26,16,3,23,3,7.43
Sporting CP,3,200,7,1,6,12,7,3,3,3,7.4
VfB Stuttgart,5,412,6,4,20,14,6,1,1,6,7.38
Real Madrid,13,1136,28,11,59,80,23,4,28,26,7.37
Atalanta,9,698,7,2,33,18,19,6,3,7,7.37
FK Crvena zvezda,5,346,4,5,19,13,6,2,5,7,7.36
Paris Saint-Germain,17,1435,57,11,88,90,22,3,36,15,7.36
Aston Villa,12,1046,20,11,46,40,13,3,18,5,7.34
Arsenal,11,798,7,3,30,20,19,2,9,8,7.34
Juventus,9,671,27,5,55,39,9,1,43,3,7.33
Arsenal,13,1005,20,15,45,28,10,4,16,6,7.33
FK Crvena zvezda,4,157,0,0,4,7,4,0,2,5,7.33
Atalanta,8,316,9,6,16,29,10,5,6,10,7.31
Liverpool FC,9,634,9,2,27,38,6,2,16,20,7.3
Manchester City,1,90,2,0,6,3,0,0,0,0,7.3
FK Crvena zvezda,8,720,23,6,37,36,19,1,27,8,7.29
VfB Stuttgart,8,690,7,6,37,31,18,5,5,13,7.28
Feyenoord,4,360,10,5,21,17,5,0,8,2,7.28
Feyenoord,11,921,17,7,34,42,20,4,4,11,7.27
Celtic,10,788,16,5,38,34,9,4,21,9,7.25
Stade Brestois,5,374,13,7,39,27,4,0,17,7,7.24
Bayer 04 Leverkusen,10,664,24,13,58,43,7,1,12,4,7.24
Atlético Madrid,10,748,19,9,47,41,16,2,26,6,7.23
Manchester City,4,192,3,0,4,16,7,1,1,9,7.23
Real Madrid,14,1236,25,27,49,31,18,4,49,4,7.22
Liverpool FC,8,367,4,2,14,20,8,4,3,6,7.21
Borussia Dortmund,13,917,18,10,49,24,25,6,38,2,7.2
PSV Eindhoven,8,546,12,4,34,18,21,1,31,2,7.2
Benfica,12,996,15,4,54,41,16,4,36,7,7.19
Inter,12,974,22,7,50,47,9,3,10,11,7.18
Paris Saint-Germain,17,1151,28,13,70,38,28,6,25,3,7.17
FC Barcelona,9,443,7,1,28,24,12,2,9,9,7.17
GNK Dinamo Zagreb,8,625,12,4,46,44,12,2,7,20,7.16
Arsenal,12,817,21,6,32,41,9,2,5,6,7.16
Juventus,6,364,3,1,11,18,6,0,5,7,7.15
Celtic,2,115,7,7,8,9,0,0,4,0,7.15
Milan,10,870,9,7,33,25,11,0,18,9,7.14
GNK Dinamo Zagreb,3,265,7,2,20,13,3,0,4,4,7.13
SK Sturm Graz,7,616,17,5,35,31,6,1,11,6,7.13
Inter,12,835,7,21,55,15,15,4,22,2,7.13
FC Bayern München,5,298,6,4,20,8,4,0,16,1,7.12
RB Leipzig,5,337,8,1,17,22,7,4,7,7,7.12
GNK Dinamo Zagreb,6,344,4,9,19,10,8,2,0,2,7.12
Bayer 04 Leverkusen,10,819,19,7,58,27,9,1,29,1,7.11
Real Madrid,11,805,23,13,37,32,6,0,19,4,7.11
Arsenal,7,222,6,0,9,14,2,1,0,7,7.1
Club Brugge KV,12,939,15,3,32,40,27,4,10,11,7.1
FC Barcelona,10,632,33,3,30,45,9,1,18,2,7.1
VfB Stuttgart,7,555,16,5,44,34,10,0,3,5,7.1
Inter,10,570,12,7,30,19,18,4,9,1,7.09
Lille,7,388,11,2,22,26,7,0,1,6,7.09
Real Madrid,14,655,11,11,35,23,17,3,32,6,7.09
Paris Saint-Germain,11,462,9,1,18,23,18,3,12,8,7.08
Aston Villa,10,740,10,5,29,27,6,1,6,8,7.08
PSV Eindhoven,10,727,30,3,44,50,13,1,13,8,7.08
Atlético Madrid,9,571,8,6,22,23,7,2,0,7,7.08
Sporting CP,9,791,12,3,34,37,12,1,8,12,7.08
Liverpool FC,9,784,22,20,46,32,6,1,8,5,7.08
Aston Villa,12,1026,9,3,45,52,15,5,3,31,7.08
Borussia Dortmund,4,352,12,4,9,16,7,0,7,2,7.08
AS Monaco,10,807,13,10,46,42,13,4,15,13,7.07
Celtic,10,729,20,4,36,34,18,3,11,4,7.07
Feyenoord,9,764,12,5,25,29,5,2,12,8,7.07
Lille,6,310,6,1,16,23,5,1,6,8,7.07
Club Brugge KV,12,1080,14,6,73,31,15,3,33,6,7.07
VfB Stuttgart,8,244,9,1,11,20,9,0,5,5,7.06
Shakhtar Donetsk,7,460,12,7,30,44,5,1,6,26,7.06
VfB Stuttgart,7,506,11,2,13,23,9,3,2,10,7.06
Borussia Dortmund,9,618,19,8,30,42,8,0,12,8,7.06
FC Bayern München,12,384,8,3,13,10,10,2,3,1,7.05
Bologna,8,619,15,9,47,45,11,2,6,9,7.05
Liverpool FC,9,643,9,3,33,19,9,0,7,7,7.04
Atalanta,9,739,3,6,44,28,6,2,13,11,7.04
Borussia Dortmund,12,957,33,6,65,58,18,4,13,18,7.04
FK Crvena zvezda,8,667,12,11,29,24,8,2,11,7,7.04
Borussia Dortmund,14,850,11,4,45,49,10,3,5,27,7.04
Benfica,9,547,5,1,25,23,16,7,18,7,7.03
Manchester City,10,527,2,3,22,8,9,1,8,3,7.03
Shakhtar Donetsk,8,702,7,2,37,28,11,1,16,10,7.03
Inter,13,856,29,7,53,50,12,3,21,9,7.02
SK Sturm Graz,7,607,18,11,42,22,4,1,2,1,7.01
Shakhtar Donetsk,8,544,9,4,29,19,8,3,9,6,7.01
Bayer 04 Leverkusen,10,367,6,3,18,8,3,0,27,0,7.01
RB Leipzig,8,593,21,10,34,24,5,1,8,1,7.01
Real Madrid,9,497,26,9,27,40,4,1,24,3,7.01
Atalanta,10,874,20,11,42,26,9,1,24,4,7.01
Liverpool FC,5,174,0,3,13,2,1,0,2,1,7.0
FC Bayern München,12,845,21,11,42,25,11,1,12,1,7.0
Milan,10,800,14,11,52,33,9,2,19,9,7.0
RB Leipzig,7,405,15,4,19,18,9,3,10,1,7.0
Real Madrid,11,487,8,6,28,34,7,2,5,13,6.99
Aston Villa,10,398,4,4,19,20,10,2,2,6,6.99
Manchester City,9,577,7,3,25,31,10,1,3,18,6.99
ŠK Slovan Bratislava,8,552,4,0,33,27,10,2,14,8,6.99
Liverpool FC,8,354,6,2,23,18,7,3,6,9,6.99
Inter,13,994,18,7,62,42,14,3,28,15,6.98
Real Madrid,10,575,13,9,20,25,9,3,7,4,6.98
Bologna,5,249,8,6,12,12,0,0,4,2,6.98
Juventus,4,211,3,2,11,9,8,1,7,6,6.98
Club Brugge KV,11,951,18,6,65,35,7,2,24,8,6.97
Atalanta,10,605,7,4,29,13,7,1,16,3,6.97
Manchester City,6,354,3,1,9,16,8,0,1,1,6.97
Benfica,12,990,21,7,60,33,11,1,29,9,6.97
AS Monaco,9,575,9,2,36,30,14,2,12,12,6.97
Sporting CP,10,730,7,3,24,31,12,4,12,12,6.96
AS Monaco,9,568,6,1,22,13,8,3,1,2,6.96
Sporting CP,9,765,23,10,41,41,6,0,9,2,6.96
GNK Dinamo Zagreb,6,481,11,9,31,14,3,2,21,0,6.95
Girona FC,6,446,22,4,28,26,4,1,13,0,6.95
Lille,9,467,4,4,24,26,5,1,3,13,6.94
AS Monaco,9,610,19,14,48,42,8,0,18,2,6.94
Arsenal,12,899,19,12,43,31,9,0,13,4,6.94
Celtic,10,900,13,14,47,24,5,0,9,8,6.94
Sporting CP,8,504,8,4,24,38,7,0,2,14,6.94
Benfica,9,717,38,21,46,45,3,0,16,4,6.93
Manchester City,7,404,6,0,16,9,11,3,4,2,6.93
FC Bayern München,11,464,10,1,27,29,11,2,3,10,6.93
Aston Villa,8,266,4,1,4,7,3,1,1,1,6.93
AC Sparta Praha,8,605,16,8,30,31,2,2,18,9,6.93
Aston Villa,5,272,7,1,14,13,2,0,6,2,6.92
RB Leipzig,5,261,7,2,13,11,5,1,2,4,6.92
AS Monaco,7,615,8,16,34,15,3,0,5,5,6.91
Juventus,9,555,15,5,25,29,9,2,4,5,6.91
Lille,9,810,15,11,58,29,2,0,13,5,6.91
Atlético Madrid,10,416,16,1,25,31,8,3,3,3,6.91
FC Barcelona,11,450,8,1,22,23,6,3,3,7,6.91
FC Bayern München,12,548,5,5,19,17,10,3,7,9,6.91
FC Bayern München,13,633,14,3,33,29,10,0,2,10,6.9
Feyenoord,7,597,12,8,31,35,6,1,2,13,6.9
Celtic,4,60,3,0,2,5,1,1,0,0,6.9
Real Madrid,9,405,16,2,33,24,6,1,13,1,6.9
Girona FC,6,453,11,4,25,35,8,2,2,13,6.9
Atalanta,8,468,6,5,24,16,4,1,4,7,6.89
Juventus,9,555,9,4,24,15,10,2,5,5,6.88
Paris Saint-Germain,4,47,1,0,3,3,0,0,0,1,6.88
VfB Stuttgart,4,137,2,1,3,10,0,0,0,2,6.88
Shakhtar Donetsk,4,205,3,2,9,12,1,0,8,4,6.88
Atlético Madrid,7,401,11,2,26,13,7,1,18,0,6.87
Stade Brestois,10,712,21,9,29,38,5,0,4,9,6.87
Inter,10,586,8,3,32,23,9,2,3,7,6.87
Juventus,9,654,17,2,13,23,13,3,4,2,6.87
BSC Young Boys,7,598,10,5,36,20,12,2,8,7,6.86
Juventus,7,563,9,2,36,19,4,1,17,7,6.86
Bologna,7,506,15,5,20,20,4,2,17,1,6.86
Lille,8,566,7,4,23,15,3,0,8,6,6.85
Sporting CP,5,234,3,5,11,8,3,1,0,2,6.85
Benfica,5,109,2,0,5,6,2,1,0,0,6.85
Lille,2,82,3,1,4,7,1,0,0,3,6.85
Juventus,7,228,7,2,8,14,2,2,1,5,6.84
Borussia Dortmund,11,846,14,12,37,21,9,1,10,1,6.84
Bologna,6,325,7,1,14,22,4,0,9,6,6.83
Bologna,7,386,5,5,27,10,8,1,14,1,6.83
Paris Saint-Germain,13,602,13,3,39,26,10,0,11,6,6.83
Red Bull Salzburg,8,679,7,2,38,38,12,1,6,24,6.83
FC Barcelona,13,801,19,12,39,29,7,0,23,1,6.83
AS Monaco,4,211,7,3,7,13,2,0,3,3,6.83
Girona FC,5,330,1,2,11,9,8,0,3,4,6.82
Girona FC,5,343,5,6,20,17,1,1,10,3,6.82
Manchester City,6,307,5,1,11,11,2,0,7,3,6.82
Real Madrid,7,147,2,1,12,8,6,2,3,2,6.82
Feyenoord,7,569,14,7,32,19,4,2,13,1,6.81
Manchester City,9,766,12,3,19,21,12,0,5,6,6.81
RB Leipzig,8,482,17,2,16,23,3,2,5,2,6.8
Aston Villa,8,530,5,0,24,20,12,4,0,7,6.8
BSC Young Boys,5,309,3,1,13,14,5,1,6,3,6.8
Aston Villa,6,109,3,1,14,4,1,0,2,1,6.8
Liverpool FC,1,90,4,3,3,6,0,0,0,1,6.8
FK Crvena zvezda,1,14,1,0,0,2,0,0,0,1,6.8
Club Brugge KV,6,369,3,3,12,11,6,0,7,6,6.8
FC Bayern München,5,181,10,4,11,13,1,0,3,2,6.8
Borussia Dortmund,3,86,3,3,6,4,2,1,0,1,6.8
Stade Brestois,7,316,10,3,24,23,9,2,5,8,6.8
GNK Dinamo Zagreb,1,16,0,0,1,0,0,0,1,0,6.8
Sporting CP,1,45,0,2,4,1,0,0,0,1,6.8
Arsenal,6,329,6,2,13,8,2,0,10,0,6.78
AC Sparta Praha,6,309,8,6,12,15,3,1,2,3,6.78
Atlético Madrid,5,143,3,0,8,5,5,0,1,2,6.78
Aston Villa,10,701,17,13,46,31,5,1,7,5,6.78
Atlético Madrid,9,468,12,11,19,23,2,0,3,5,6.78
ŠK Slovan Bratislava,8,604,16,14,39,35,3,2,6,4,6.78
SK Sturm Graz,8,621,20,7,34,46,7,0,8,6,6.78
Inter,8,354,4,3,14,12,3,0,20,1,6.78
Feyenoord,11,785,6,1,34,24,10,1,17,9,6.77
PSV Eindhoven,4,114,1,1,7,2,3,1,1,0,6.77
AC Sparta Praha,3,30,4,0,2,4,0,0,1,0,6.77
Juventus,9,485,4,6,15,13,1,0,9,5,6.77
AC Sparta Praha,3,270,6,6,21,11,5,1,2,4,6.77
Aston Villa,3,124,8,3,6,11,1,0,0,1,6.77
FK Crvena zvezda,5,175,4,3,14,14,1,0,1,2,6.76
Sporting CP,8,315,5,1,9,18,7,1,7,1,6.75
Girona FC,6,242,5,1,14,19,5,0,7,10,6.75
Girona FC,7,454,9,1,17,11,5,1,2,1,6.74
AS Monaco,7,284,7,5,23,10,2,0,11,1,6.74
Inter,10,550,10,6,11,12,2,1,4,0,6.74
Inter,13,497,8,7,17,22,3,0,2,4,6.74
PSV Eindhoven,12,774,10,4,21,18,7,3,1,2,6.73
Juventus,6,308,7,2,17,13,2,0,7,2,6.73
ŠK Slovan Bratislava,7,459,9,2,24,24,8,1,16,10,6.73
PSV Eindhoven,7,567,11,8,38,23,3,0,11,4,6.73
Club Brugge KV,11,554,5,5,24,10,3,1,9,1,6.73
Benfica,6,96,2,0,8,4,4,0,1,1,6.73
Club Brugge KV,6,146,8,1,2,10,0,0,1,0,6.72
FK Crvena zvezda,5,140,3,2,12,12,0,0,6,1,6.72
GNK Dinamo Zagreb,6,289,3,4,5,9,2,1,2,3,6.72
BSC Young Boys,7,444,7,5,31,9,4,1,15,0,6.71
Club Brugge KV,11,939,23,4,40,41,7,0,20,4,6.71
AC Sparta Praha,8,714,8,6,37,10,6,0,13,1,6.7
Manchester City,5,105,5,0,5,9,1,0,1,2,6.7
Feyenoord,3,80,2,3,8,4,0,0,2,1,6.7
Aston Villa,4,146,7,1,7,8,0,0,2,0,6.7
Bologna,5,289,3,1,16,12,3,0,4,3,6.7
Borussia Dortmund,9,282,3,1,15,10,3,1,8,3,6.69
Girona FC,5,95,5,0,9,7,0,0,1,0,6.68
Lille,4,168,2,2,1,7,2,1,7,1,6.68
Club Brugge KV,5,118,2,2,7,5,3,1,1,0,6.68
RB Leipzig,7,351,6,5,22,7,1,0,7,1,6.67
Bologna,7,497,1,2,15,16,0,0,3,4,6.67
FC Barcelona,10,303,10,0,11,14,5,0,5,0,6.67
BSC Young Boys,8,627,19,4,35,46,3,0,8,19,6.66
Benfica,9,275,11,8,11,12,5,1,3,0,6.66
Shakhtar Donetsk,7,295,11,5,21,18,1,0,8,5,6.66
FK Crvena zvezda,8,624,10,5,26,35,6,1,6,17,6.65
Lille,2,25,1,0,0,2,0,0,1,1,6.65
Borussia Dortmund,3,34,2,0,3,2,0,0,1,0,6.65
Milan,6,283,4,0,8,11,0,0,4,2,6.65
Bologna,4,211,3,0,10,8,0,0,5,3,6.65
Celtic,8,236,7,1,9,15,3,0,3,5,6.65
GNK Dinamo Zagreb,7,362,5,2,22,18,5,0,0,8,6.64
Red Bull Salzburg,7,365,14,5,16,19,1,0,5,1,6.64
Stade Brestois,10,659,15,7,29,16,2,0,15,0,6.64
Stade Brestois,5,76,3,0,3,5,0,0,3,1,6.64
Atalanta,6,140,2,0,4,6,1,0,1,2,6.63
ŠK Slovan Bratislava,3,114,5,5,1,5,0,0,0,0,6.63
Atlético Madrid,4,271,3,3,10,4,0,0,5,0,6.63
ŠK Slovan Bratislava,4,34,2,1,4,5,1,0,1,0,6.63
ŠK Slovan Bratislava,3,251,6,9,14,13,2,0,3,4,6.63
Stade Brestois,10,697,13,6,41,22,8,0,10,3,6.63
PSV Eindhoven,11,582,9,7,26,16,6,1,16,3,6.63
VfB Stuttgart,4,149,2,3,8,3,0,0,3,0,6.63
Bologna,5,128,2,0,6,5,2,1,4,1,6.63
Stade Brestois,8,310,5,2,21,23,5,0,1,13,6.63
Red Bull Salzburg,5,335,7,4,21,10,2,1,2,1,6.62
Girona FC,7,332,8,4,15,12,1,0,5,0,6.61
FK Crvena zvezda,7,419,4,1,19,13,3,1,3,2,6.61
ŠK Slovan Bratislava,8,330,3,3,13,13,4,0,4,7,6.61
BSC Young Boys,7,297,3,0,8,12,4,0,1,6,6.6
Inter,1,10,0,0,1,0,0,0,0,0,6.6
BSC Young Boys,7,289,10,2,15,16,2,0,5,1,6.6
GNK Dinamo Zagreb,6,265,12,3,11,24,3,0,7,5,6.6
AS Monaco,3,31,1,0,4,1,0,0,1,0,6.6
FK Crvena zvezda,5,179,4,1,7,9,2,0,2,3,6.6
Feyenoord,4,184,5,1,6,11,3,0,1,3,6.6
Sporting CP,7,371,11,6,24,14,1,1,7,1,6.59
SK Sturm Graz,6,136,0,1,5,6,3,0,1,4,6.58
Shakhtar Donetsk,8,673,10,7,28,17,5,1,8,1,6.58
Benfica,4,150,4,0,11,5,0,0,4,1,6.58
AC Sparta Praha,7,526,16,4,41,20,5,1,3,2,6.57
Red Bull Salzburg,3,49,4,1,2,4,0,0,2,0,6.57
Bayer 04 Leverkusen,6,138,4,3,5,7,1,0,2,2,6.57
Atlético Madrid,6,434,10,10,29,13,4,1,8,2,6.57
Celtic,3,51,0,0,5,0,0,0,1,0,6.57
Milan,7,412,7,2,20,18,6,0,6,8,6.56
Liverpool FC,6,139,5,3,6,10,0,0,6,0,6.55
Red Bull Salzburg,6,301,9,4,28,24,0,0,3,1,6.55
BSC Young Boys,5,341,9,5,15,19,1,0,10,4,6.54
Lille,9,622,10,9,28,18,3,0,9,5,6.53
Red Bull Salzburg,6,327,10,2,17,15,6,0,1,2,6.53
FK Crvena zvezda,3,240,7,1,10,15,1,0,5,4,6.53
Stade Brestois,10,444,14,5,27,21,8,1,4,5,6.53
Liverpool FC,1,26,0,0,1,0,0,0,0,0,6.5
GNK Dinamo Zagreb,1,73,3,0,4,4,0,0,0,1,6.5
RB Leipzig,1,10,0,0,0,0,0,0,0,0,6.5
VfB Stuttgart,1,11,0,0,1,0,0,0,0,0,6.5
Girona FC,1,79,1,0,2,2,0,0,0,1,6.5
GNK Dinamo Zagreb,2,18,0,0,0,0,0,0,0,0,6.5
SK Sturm Graz,5,364,14,5,21,18,0,0,2,1,6.5
ŠK Slovan Bratislava,3,149,5,1,12,12,1,0,2,3,6.5
Atlético Madrid,1,9,0,0,0,0,0,0,0,0,6.5
SK Sturm Graz,7,195,5,2,14,9,3,0,7,1,6.5
Feyenoord,1,63,0,0,1,0,0,0,0,0,6.5
VfB Stuttgart,3,36,0,0,1,0,0,0,1,0,6.5
Feyenoord,2,53,1,0,3,2,1,0,1,0,6.5
Red Bull Salzburg,6,202,4,2,12,11,4,0,7,4,6.5
Shakhtar Donetsk,8,473,10,4,29,20,1,0,4,3,6.49
AC Sparta Praha,7,506,10,5,21,11,4,0,9,1,6.48
Borussia Dortmund,8,240,5,1,14,9,2,0,2,1,6.48
Shakhtar Donetsk,4,92,2,1,9,5,0,0,0,2,6.48
AC Sparta Praha,3,52,1,0,1,3,0,0,0,2,6.47
Feyenoord,3,91,2,1,4,4,0,0,0,1,6.47
FK Crvena zvezda,5,90,1,0,4,2,0,0,1,1,6.46
Club Brugge KV,7,188,0,0,2,3,2,0,4,1,6.45
FK Crvena zvezda,2,24,0,0,0,0,0,0,0,0,6.45
BSC Young Boys,2,39,1,0,6,1,0,0,4,0,6.45
FC Barcelona,2,26,1,1,1,1,0,0,0,0,6.45
Feyenoord,4,111,4,1,5,4,0,0,2,0,6.45
ŠK Slovan Bratislava,4,22,1,0,3,2,2,0,1,1,6.45
Bayer 04 Leverkusen,5,106,2,1,3,4,1,0,0,1,6.45
SK Sturm Graz,6,42,1,1,0,2,0,0,0,0,6.45
RB Leipzig,3,46,1,1,1,3,1,0,0,0,6.43
GNK Dinamo Zagreb,6,214,5,1,14,11,4,0,0,2,6.43
ŠK Slovan Bratislava,7,204,0,0,7,3,0,0,3,2,6.42
Juventus,1,22,0,0,0,0,0,0,1,0,6.4
Borussia Dortmund,1,13,0,0,0,0,0,0,0,0,6.4
Bayer 04 Leverkusen,1,14,0,0,1,0,0,0,0,0,6.4
PSV Eindhoven,1,90,2,0,4,3,0,0,0,0,6.4
BSC Young Boys,1,27,0,0,1,0,0,0,0,0,6.4
Shakhtar Donetsk,6,119,3,1,3,5,1,0,1,0,6.4
AC Sparta Praha,4,89,1,2,4,2,1,0,2,0,6.4
Atalanta,3,71,1,1,6,4,0,0,1,1,6.37
Benfica,2,98,4,0,4,6,0,0,0,2,6.35
Celtic,2,33,0,0,0,0,0,0,0,0,6.35
AC Sparta Praha,7,157,4,2,5,8,1,0,0,1,6.33
Red Bull Salzburg,6,343,5,1,17,13,2,0,2,4,6.33
Bologna,1,29,0,0,3,0,0,0,1,0,6.3
Atlético Madrid,1,45,1,0,3,2,0,0,0,0,6.3
ŠK Slovan Bratislava,5,331,9,0,15,11,1,0,9,0,6.28
RB Leipzig,2,23,0,0,1,1,0,0,0,1,6.2
Inter,2,37,1,0,6,3,0,0,0,2,6.2
AC Sparta Praha,2,130,1,0,4,2,0,0,0,0,6.15
AS Monaco,1,52,3,1,3,3,0,0,1,0,5.8
FC Bayern München,1,2,0,0,0,0,0,0,0,0,0.0
Borussia Dortmund,1,1,1,0,0,1,0,0,0,0,0.0
Bologna,1,1,0,0,0,0,0,0,0,0,0.0
AC Sparta Praha,1,1,0,0,0,0,0,0,0,0,0.0
Atlético Madrid,10,732,13,7,35,27,11,4,16,8,7.76
FC Bayern München,13,1119,7,9,25,33,23,3,21,8,7.7
Atalanta,7,483,5,0,16,26,14,3,2,15,7.69
Paris Saint-Germain,15,1162,7,2,35,44,39,4,21,24,7.63
Atalanta,10,702,13,0,30,40,18,7,5,18,7.62
Paris Saint-Germain,9,735,18,4,31,51,15,2,6,16,7.59
Arsenal,9,763,15,7,32,46,10,5,3,14,7.58
Atlético Madrid,10,790,12,6,29,30,13,2,6,10,7.53
Real Madrid,12,881,18,4,25,45,16,2,5,18,7.51
Real Madrid,12,1104,14,4,42,63,23,5,12,28,7.49
Borussia Dortmund,14,1083,2,0,18,26,12,4,5,5,7.44
Manchester City,9,771,4,4,13,11,5,0,1,3,7.41
FC Barcelona,13,983,5,2,23,25,11,2,2,3,7.41
Borussia Dortmund,10,691,16,8,33,38,10,3,6,16,7.4
Paris Saint-Germain,16,741,20,6,35,55,17,6,5,22,7.37
Sporting CP,8,606,0,0,7,19,17,4,5,8,7.36
Milan,2,180,7,2,9,12,3,0,0,3,7.35
Arsenal,8,560,6,1,15,17,13,1,0,4,7.34
Inter,14,857,9,5,23,36,7,2,10,10,7.31
GNK Dinamo Zagreb,3,192,3,0,8,10,0,0,4,1,7.3
Milan,7,449,1,1,13,10,6,0,2,3,7.29
Real Madrid,14,1132,7,1,17,42,15,1,12,24,7.28
Milan,9,631,10,2,20,31,18,0,8,9,7.22
Lille,10,746,3,2,24,21,7,4,2,8,7.21
Liverpool FC,3,106,4,0,7,11,0,0,0,3,7.2
PSV Eindhoven,12,859,11,4,33,39,18,2,4,19,7.19
PSV Eindhoven,7,171,2,0,2,5,5,0,1,3,7.18
Juventus,9,605,19,1,29,54,6,2,7,23,7.18
Atlético Madrid,8,270,4,0,18,12,3,2,3,4,7.18
Aston Villa,4,309,2,0,9,10,7,3,1,7,7.18
Milan,10,798,6,4,25,56,10,2,10,39,7.17
Paris Saint-Germain,17,1096,14,10,30,50,25,6,6,29,7.13
PSV Eindhoven,12,907,14,2,31,28,17,4,2,1,7.12
Celtic,10,792,19,8,42,40,15,5,7,17,7.1
Borussia Dortmund,13,881,13,10,48,23,18,3,14,9,7.08
FC Bayern München,3,97,2,0,2,5,1,0,4,2,7.07
Borussia Dortmund,5,238,0,2,9,9,3,1,0,3,7.06
Inter,12,714,11,2,21,27,10,4,2,6,7.06
Benfica,12,905,12,5,23,36,14,2,12,11,7.05
Stade Brestois,8,644,3,1,9,15,14,4,7,3,7.05
Benfica,12,852,9,13,41,19,16,1,5,3,7.03
Arsenal,13,940,10,1,33,40,17,5,1,20,7.03
AS Monaco,10,750,8,3,20,39,13,4,2,9,7.03
Girona FC,7,386,1,1,8,17,6,2,1,14,7.03
Milan,9,310,3,2,12,18,4,1,1,4,7.02
PSV Eindhoven,10,686,12,4,37,36,15,3,8,13,7.02
Inter,14,952,6,4,27,44,11,1,3,12,7.01
Juventus,9,548,1,1,9,9,8,2,4,2,7.01
Aston Villa,7,237,3,2,5,10,2,0,1,3,7.0
FC Barcelona,11,420,1,1,8,9,4,1,4,3,6.95
Stade Brestois,9,510,7,3,25,15,3,2,1,1,6.94
Milan,7,276,4,4,13,18,9,0,1,11,6.94
AC Sparta Praha,6,265,5,3,18,19,4,0,3,4,6.93
AS Monaco,3,93,0,0,3,5,2,0,1,3,6.93
Juventus,10,668,13,8,41,45,4,1,7,22,6.92
Milan,7,395,9,1,8,20,6,1,2,4,6.91
RB Leipzig,8,522,3,1,20,12,3,0,0,4,6.91
Bayer 04 Leverkusen,4,243,2,0,4,10,1,0,2,6,6.9
GNK Dinamo Zagreb,5,185,3,2,10,8,1,0,1,5,6.9
Club Brugge KV,12,857,8,2,26,17,7,0,6,2,6.89
GNK Dinamo Zagreb,7,495,8,2,11,14,1,0,1,1,6.89
VfB Stuttgart,6,426,1,1,11,8,7,4,0,1,6.88
FK Crvena zvezda,8,571,3,1,14,35,3,1,3,5,6.86
Atalanta,10,575,5,2,20,21,6,0,4,5,6.86
Lille,5,360,8,0,22,28,4,2,2,17,6.86
Paris Saint-Germain,12,211,1,1,9,5,4,3,0,1,6.86
Arsenal,14,665,2,3,21,19,9,1,5,10,6.84
AS Monaco,6,109,0,0,2,3,1,0,1,1,6.84
Red Bull Salzburg,8,484,12,3,12,32,5,1,3,14,6.84
Feyenoord,7,263,6,3,11,15,4,0,5,1,6.83
RB Leipzig,8,683,3,3,15,18,7,3,2,5,6.83
Borussia Dortmund,9,300,7,2,12,23,4,1,2,10,6.82
PSV Eindhoven,5,153,0,2,14,1,1,0,0,1,6.82
Shakhtar Donetsk,5,221,7,1,4,11,2,0,1,2,6.82
Milan,5,108,2,1,4,10,2,1,1,8,6.82
Aston Villa,12,697,1,3,11,13,14,4,2,2,6.82
Bayer 04 Leverkusen,7,329,4,2,9,8,5,1,0,1,6.82
Arsenal,6,296,3,2,11,19,5,2,0,7,6.82
Celtic,10,337,3,0,5,6,1,0,1,2,6.8
Sporting CP,9,332,3,1,10,20,4,0,2,8,6.8
PSV Eindhoven,1,10,1,0,1,2,0,0,0,1,6.8
PSV Eindhoven,2,33,0,0,1,2,0,0,0,2,6.8
Celtic,2,85,1,1,5,5,1,1,0,3,6.8
Celtic,9,761,13,8,16,24,7,1,1,7,6.79
AC Sparta Praha,8,423,0,1,11,16,3,1,3,8,6.79
Benfica,7,414,8,1,24,16,6,3,0,3,6.79
Red Bull Salzburg,5,318,1,1,7,9,2,0,0,3,6.78
Lille,7,266,6,0,10,16,4,2,3,6,6.77
AC Sparta Praha,6,494,6,7,18,16,6,0,1,4,6.77
SK Sturm Graz,8,669,11,4,34,24,8,1,5,6,6.76
Real Madrid,9,134,2,2,7,5,2,1,2,1,6.76
Benfica,11,243,3,0,8,11,4,1,3,5,6.75
Arsenal,5,260,7,2,15,12,5,1,0,4,6.74
Celtic,6,152,1,1,5,6,3,1,1,2,6.74
VfB Stuttgart,8,403,2,2,10,14,5,1,0,6,6.74
RB Leipzig,6,161,3,0,2,3,2,0,2,0,6.73
Borussia Dortmund,12,617,13,4,29,21,5,1,1,5,6.73
Red Bull Salzburg,7,393,8,6,17,18,3,0,1,7,6.73
Red Bull Salzburg,4,93,1,0,1,2,1,1,0,0,6.73
Bayer 04 Leverkusen,5,210,3,0,6,9,3,0,1,2,6.72
Liverpool FC,9,466,9,1,18,16,5,1,6,4,6.71
AS Monaco,10,547,8,3,30,29,6,1,1,11,6.7
Bayer 04 Leverkusen,8,407,5,2,13,10,5,0,0,3,6.7
Bologna,8,410,6,1,11,12,2,0,1,3,6.7
Sporting CP,1,9,0,0,1,1,1,0,0,0,6.7
BSC Young Boys,7,306,4,3,8,15,3,0,7,3,6.7
Inter,1,14,0,0,2,0,0,0,0,0,6.7
ŠK Slovan Bratislava,8,674,4,3,20,15,4,0,5,4,6.69
RB Leipzig,8,516,10,2,21,34,11,1,2,13,6.69
Benfica,6,86,2,0,4,3,1,0,0,0,6.68
Bayer 04 Leverkusen,4,130,0,0,4,1,1,1,4,1,6.67
Lille,3,138,0,0,3,3,1,0,1,3,6.67
Bologna,8,352,8,1,13,19,2,0,2,6,6.66
Atalanta,7,131,1,0,4,5,1,0,4,3,6.66
AS Monaco,8,556,1,3,20,10,3,0,2,2,6.65
Bayer 04 Leverkusen,4,108,2,1,6,4,1,1,0,1,6.65
SK Sturm Graz,4,131,1,1,7,6,2,0,0,3,6.65
Stade Brestois,9,378,11,6,20,21,4,1,4,3,6.64
Club Brugge KV,7,185,3,1,5,8,0,0,2,1,6.64
Stade Brestois,9,452,7,7,32,22,5,0,5,9,6.63
Girona FC,3,146,2,0,6,2,2,1,1,0,6.63
Shakhtar Donetsk,7,408,6,0,13,15,4,2,0,4,6.63
Milan,4,52,0,0,3,1,0,0,0,1,6.63
AC Sparta Praha,6,327,4,1,13,10,2,0,3,2,6.62
BSC Young Boys,7,244,1,0,5,2,3,1,1,0,6.61
SK Sturm Graz,8,388,4,1,9,15,2,0,1,5,6.61
Feyenoord,8,388,0,0,6,6,0,0,1,1,6.6
BSC Young Boys,8,489,1,1,7,6,1,0,1,3,6.6
ŠK Slovan Bratislava,7,160,0,2,4,8,1,0,0,4,6.6
Girona FC,1,11,1,0,2,5,0,0,0,3,6.6
Sporting CP,1,68,1,0,2,2,0,0,1,0,6.6
Sporting CP,1,34,0,0,0,1,0,0,2,0,6.6
Benfica,4,65,1,0,3,1,2,0,0,0,6.58
Girona FC,4,275,1,0,2,7,0,0,0,0,6.58
Feyenoord,7,316,2,1,11,15,6,1,2,4,6.57
Shakhtar Donetsk,6,148,1,0,4,2,3,0,1,1,6.57
FC Barcelona,4,51,1,0,2,2,0,0,3,1,6.55
Manchester City,2,100,2,0,3,3,0,0,0,0,6.55
Inter,7,207,1,0,7,5,1,1,1,3,6.54
FK Crvena zvezda,7,161,2,0,2,3,0,0,3,1,6.53
Celtic,7,467,3,1,2,9,0,0,0,4,6.53
FC Barcelona,6,52,2,0,2,2,1,1,1,0,6.53
RB Leipzig,4,92,1,1,2,2,0,0,0,0,6.53
Girona FC,5,94,2,0,2,4,2,0,0,1,6.52
Sporting CP,2,73,0,2,7,3,1,0,0,0,6.5
Bayer 04 Leverkusen,2,18,0,0,1,0,0,0,0,0,6.5
AS Monaco,3,47,0,2,4,2,0,0,0,0,6.5
Feyenoord,2,79,1,0,0,2,0,0,0,0,6.5
Stade Brestois,6,79,1,1,3,3,3,0,1,2,6.5
Bologna,7,336,2,1,10,5,7,0,3,0,6.49
BSC Young Boys,5,138,0,0,5,3,2,0,0,2,6.48
Club Brugge KV,5,57,1,0,0,2,0,0,0,0,6.48
SK Sturm Graz,5,96,0,0,1,0,0,0,0,0,6.46
Girona FC,8,278,1,2,3,7,1,0,0,0,6.45
GNK Dinamo Zagreb,5,60,1,2,3,5,0,0,1,3,6.45
Juventus,6,270,4,1,3,12,2,0,1,5,6.43
Celtic,1,11,0,0,1,0,0,0,0,0,6.4
Lille,1,23,0,0,1,0,0,0,0,0,6.4
Atlético Madrid,8,290,2,2,13,9,2,0,0,3,6.39
Benfica,4,42,4,1,2,4,0,0,0,0,6.37
AC Sparta Praha,2,41,0,0,0,0,0,0,0,0,6.3
Liverpool FC,4,237,2,0,11,5,2,0,1,0,6.3
Girona FC,1,11,0,0,2,0,0,0,0,0,6.1
Liverpool FC,1,83,0,0,0,2,0,0,0,0,6.1
Arsenal,1,1,0,0,0,0,0,0,0,0,0.0
SK Sturm Graz,1,1,0,0,0,0,0,0,0,0,0.0
Lille,1,1,0,0,0,0,0,0,0,0,0.0
